12420.0?src/main/java/org/fluentd/logger/errorhandler/ErrorHandler.java?handleNetworkError-ErrorHandler-IOException,12420.0,8
12420.0?src/main/java/org/fluentd/logger/FluentLogger.java?getLogger-FluentLogger-String,12420.0,77
12420.0?src/main/java/org/fluentd/logger/FluentLogger.java?getLogger-FluentLogger-String-String-int,12420.0,62
12420.0?src/main/java/org/fluentd/logger/FluentLogger.java?getLogger-FluentLogger-String-String-int-int-int,12420.0,32
12420.0?src/main/java/org/fluentd/logger/FluentLogger.java?getLogger-FluentLogger-String-String-int-int-int-Reconnector,12420.0,36
12420.0?src/main/java/org/fluentd/logger/FluentLogger.java?getLoggers-FluentLogger-,12420.0,13
12420.0?src/main/java/org/fluentd/logger/FluentLogger.java?closeAll-FluentLogger-,12420.0,11
12420.0?src/main/java/org/fluentd/logger/FluentLogger.java?flushAll-FluentLogger-,12420.0,11
12420.0?src/main/java/org/fluentd/logger/FluentLogger.java?log-FluentLogger-String-String-Object,12420.0,58
12420.0?src/main/java/org/fluentd/logger/FluentLogger.java?log-FluentLogger-String-String-Object-long,12420.0,58
12420.0?src/main/java/org/fluentd/logger/FluentLogger.java?log-FluentLogger-String-Map<String.Object>,12420.0,77
12420.0?src/main/java/org/fluentd/logger/FluentLogger.java?log-FluentLogger-String-Map<String.Object>-long,12420.0,75
12420.0?src/main/java/org/fluentd/logger/FluentLogger.java?flush-FluentLogger-,12420.0,9
12420.0?src/main/java/org/fluentd/logger/FluentLogger.java?close-FluentLogger-,12420.0,33
12420.0?src/main/java/org/fluentd/logger/FluentLogger.java?getName-FluentLogger-,12420.0,16
12420.0?src/main/java/org/fluentd/logger/FluentLogger.java?toString-FluentLogger-,12420.0,40
12420.0?src/main/java/org/fluentd/logger/FluentLogger.java?finalize-FluentLogger-,12420.0,47
12420.0?src/main/java/org/fluentd/logger/FluentLogger.java?isConnected-FluentLogger-,12420.0,17
12420.0?src/main/java/org/fluentd/logger/FluentLogger.java?setErrorHandler-FluentLogger-ErrorHandler,12420.0,32
12420.0?src/main/java/org/fluentd/logger/FluentLogger.java?removeErrorHandler-FluentLogger-,12420.0,17
12420.0?src/main/java/org/fluentd/logger/FluentLogger.java?getSender-FluentLogger-,12420.0,8
12420.0?src/main/java/org/fluentd/logger/FluentLoggerFactory.java?getLogger-FluentLoggerFactory-String,12420.0,284
12420.0?src/main/java/org/fluentd/logger/FluentLoggerFactory.java?getLogger-FluentLoggerFactory-String-String-int,12420.0,271
12420.0?src/main/java/org/fluentd/logger/FluentLoggerFactory.java?getLogger-FluentLoggerFactory-String-String-int-int-int,12420.0,269
12420.0?src/main/java/org/fluentd/logger/FluentLoggerFactory.java?getLogger-FluentLoggerFactory-String-String-int-int-int-Reconnector,12420.0,240
12420.0?src/main/java/org/fluentd/logger/FluentLoggerFactory.java?createSenderInstance-FluentLoggerFactory-String-Object[],12420.0,74
12420.0?src/main/java/org/fluentd/logger/FluentLoggerFactory.java?getLoggers-FluentLoggerFactory-,12420.0,10
12420.0?src/main/java/org/fluentd/logger/FluentLoggerFactory.java?closeAll-FluentLoggerFactory-,12420.0,22
12420.0?src/main/java/org/fluentd/logger/FluentLoggerFactory.java?flushAll-FluentLoggerFactory-,12420.0,18
12420.0?src/main/java/org/fluentd/logger/sender/ConstantDelayReconnector.java?addErrorHistory-ConstantDelayReconnector-long,12420.0,25
12420.0?src/main/java/org/fluentd/logger/sender/ConstantDelayReconnector.java?isErrorHistoryEmpty-ConstantDelayReconnector-,12420.0,10
12420.0?src/main/java/org/fluentd/logger/sender/ConstantDelayReconnector.java?clearErrorHistory-ConstantDelayReconnector-,12420.0,9
12420.0?src/main/java/org/fluentd/logger/sender/ConstantDelayReconnector.java?enableReconnection-ConstantDelayReconnector-long,12420.0,24
12420.0?src/main/java/org/fluentd/logger/sender/Event.java?toString-Event-,12420.0,18
12420.0?src/main/java/org/fluentd/logger/sender/Event.java?write-Event.EventTemplate-Packer-Event-boolean,12420.0,154
12420.0?src/main/java/org/fluentd/logger/sender/Event.java?read-Event.EventTemplate-Unpacker-Event-boolean,12420.0,22
12420.0?src/main/java/org/fluentd/logger/sender/ExponentialDelayReconnector.java?getWaitMaxCount-ExponentialDelayReconnector-,12420.0,50
12420.0?src/main/java/org/fluentd/logger/sender/ExponentialDelayReconnector.java?addErrorHistory-ExponentialDelayReconnector-long,12420.0,25
12420.0?src/main/java/org/fluentd/logger/sender/ExponentialDelayReconnector.java?isErrorHistoryEmpty-ExponentialDelayReconnector-,12420.0,10
12420.0?src/main/java/org/fluentd/logger/sender/ExponentialDelayReconnector.java?clearErrorHistory-ExponentialDelayReconnector-,12420.0,9
12420.0?src/main/java/org/fluentd/logger/sender/ExponentialDelayReconnector.java?enableReconnection-ExponentialDelayReconnector-long,12420.0,68
12420.0?src/main/java/org/fluentd/logger/sender/NullSender.java?emit-NullSender-String-Map<String.Object>,12420.0,48
12420.0?src/main/java/org/fluentd/logger/sender/NullSender.java?emit-NullSender-String-long-Map<String.Object>,12420.0,22
12420.0?src/main/java/org/fluentd/logger/sender/NullSender.java?flush-NullSender-,12420.0,6
12420.0?src/main/java/org/fluentd/logger/sender/NullSender.java?close-NullSender-,12420.0,6
12420.0?src/main/java/org/fluentd/logger/sender/NullSender.java?getName-NullSender-,12420.0,9
12420.0?src/main/java/org/fluentd/logger/sender/NullSender.java?toString-NullSender-,12420.0,21
12420.0?src/main/java/org/fluentd/logger/sender/NullSender.java?isConnected-NullSender-,12420.0,10
12420.0?src/main/java/org/fluentd/logger/sender/NullSender.java?setErrorHandler-NullSender-ErrorHandler,12420.0,9
12420.0?src/main/java/org/fluentd/logger/sender/NullSender.java?removeErrorHandler-NullSender-,12420.0,6
12420.0?src/main/java/org/fluentd/logger/sender/RawSocketSender.java?connect-RawSocketSender-,12420.0,40
12420.0?src/main/java/org/fluentd/logger/sender/RawSocketSender.java?reconnect-RawSocketSender-,12420.0,148
12420.0?src/main/java/org/fluentd/logger/sender/RawSocketSender.java?close-RawSocketSender-,12420.0,51
12420.0?src/main/java/org/fluentd/logger/sender/RawSocketSender.java?emit-RawSocketSender-String-Map<String.Object>,12420.0,506
12420.0?src/main/java/org/fluentd/logger/sender/RawSocketSender.java?emit-RawSocketSender-String-long-Map<String.Object>,12420.0,480
12420.0?src/main/java/org/fluentd/logger/sender/RawSocketSender.java?emit-RawSocketSender-Event,12420.0,455
12420.0?src/main/java/org/fluentd/logger/sender/RawSocketSender.java?flushBuffer-RawSocketSender-,12420.0,323
12420.0?src/main/java/org/fluentd/logger/sender/RawSocketSender.java?send-RawSocketSender-byte[],12420.0,395
12420.0?src/main/java/org/fluentd/logger/sender/RawSocketSender.java?flush-RawSocketSender-,12420.0,274
12420.0?src/main/java/org/fluentd/logger/sender/RawSocketSender.java?getBuffer-RawSocketSender-,12420.0,39
12420.0?src/main/java/org/fluentd/logger/sender/RawSocketSender.java?clearBuffer-RawSocketSender-,12420.0,9
12420.0?src/main/java/org/fluentd/logger/sender/RawSocketSender.java?getName-RawSocketSender-,12420.0,9
12420.0?src/main/java/org/fluentd/logger/sender/RawSocketSender.java?toString-RawSocketSender-,12420.0,17
12420.0?src/main/java/org/fluentd/logger/sender/RawSocketSender.java?isConnected-RawSocketSender-,12420.0,29
12420.0?src/main/java/org/fluentd/logger/sender/RawSocketSender.java?setErrorHandler-RawSocketSender-ErrorHandler,12420.0,29
12420.0?src/main/java/org/fluentd/logger/sender/RawSocketSender.java?removeErrorHandler-RawSocketSender-,12420.0,14
12420.0?src/main/java/org/fluentd/logger/sender/Reconnector.java?clearErrorHistory-Reconnector-,12420.0,3
12420.0?src/main/java/org/fluentd/logger/sender/Reconnector.java?addErrorHistory-Reconnector-long,12420.0,6
12420.0?src/main/java/org/fluentd/logger/sender/Reconnector.java?isErrorHistoryEmpty-Reconnector-,12420.0,3
12420.0?src/main/java/org/fluentd/logger/sender/Reconnector.java?enableReconnection-Reconnector-long,12420.0,6
12420.0?src/main/java/org/fluentd/logger/sender/Sender.java?emit-Sender-String-Map<String.Object>,12420.0,12
12420.0?src/main/java/org/fluentd/logger/sender/Sender.java?emit-Sender-String-long-Map<String.Object>,12420.0,15
12420.0?src/main/java/org/fluentd/logger/sender/Sender.java?flush-Sender-,12420.0,3
12420.0?src/main/java/org/fluentd/logger/sender/Sender.java?close-Sender-,12420.0,3
12420.0?src/main/java/org/fluentd/logger/sender/Sender.java?getName-Sender-,12420.0,3
12420.0?src/main/java/org/fluentd/logger/sender/Sender.java?isConnected-Sender-,12420.0,3
12420.0?src/main/java/org/fluentd/logger/sender/Sender.java?setErrorHandler-Sender-ErrorHandler,12420.0,6
12420.0?src/main/java/org/fluentd/logger/sender/Sender.java?removeErrorHandler-Sender-,12420.0,3
12420.1?src/main/java/org/fluentd/logger/errorhandler/ErrorHandler.java?handleNetworkError-ErrorHandler-IOException,12420.1,8
12420.1?src/main/java/org/fluentd/logger/FluentLogger.java?getLogger-FluentLogger-String,12420.1,77
12420.1?src/main/java/org/fluentd/logger/FluentLogger.java?getLogger-FluentLogger-String-String-int,12420.1,62
12420.1?src/main/java/org/fluentd/logger/FluentLogger.java?getLogger-FluentLogger-String-String-int-int-int,12420.1,32
12420.1?src/main/java/org/fluentd/logger/FluentLogger.java?getLogger-FluentLogger-String-String-int-int-int-Reconnector,12420.1,36
12420.1?src/main/java/org/fluentd/logger/FluentLogger.java?getLoggers-FluentLogger-,12420.1,13
12420.1?src/main/java/org/fluentd/logger/FluentLogger.java?closeAll-FluentLogger-,12420.1,11
12420.1?src/main/java/org/fluentd/logger/FluentLogger.java?flushAll-FluentLogger-,12420.1,11
12420.1?src/main/java/org/fluentd/logger/FluentLogger.java?log-FluentLogger-String-String-Object,12420.1,58
12420.1?src/main/java/org/fluentd/logger/FluentLogger.java?log-FluentLogger-String-String-Object-long,12420.1,58
12420.1?src/main/java/org/fluentd/logger/FluentLogger.java?log-FluentLogger-String-Map<String.Object>,12420.1,77
12420.1?src/main/java/org/fluentd/logger/FluentLogger.java?log-FluentLogger-String-Map<String.Object>-long,12420.1,75
12420.1?src/main/java/org/fluentd/logger/FluentLogger.java?flush-FluentLogger-,12420.1,9
12420.1?src/main/java/org/fluentd/logger/FluentLogger.java?close-FluentLogger-,12420.1,39
12420.1?src/main/java/org/fluentd/logger/FluentLogger.java?getName-FluentLogger-,12420.1,16
12420.1?src/main/java/org/fluentd/logger/FluentLogger.java?toString-FluentLogger-,12420.1,40
12420.1?src/main/java/org/fluentd/logger/FluentLogger.java?finalize-FluentLogger-,12420.1,53
12420.1?src/main/java/org/fluentd/logger/FluentLogger.java?isConnected-FluentLogger-,12420.1,17
12420.1?src/main/java/org/fluentd/logger/FluentLogger.java?setErrorHandler-FluentLogger-ErrorHandler,12420.1,32
12420.1?src/main/java/org/fluentd/logger/FluentLogger.java?removeErrorHandler-FluentLogger-,12420.1,17
12420.1?src/main/java/org/fluentd/logger/FluentLogger.java?getSender-FluentLogger-,12420.1,8
12420.1?src/main/java/org/fluentd/logger/FluentLoggerFactory.java?getLogger-FluentLoggerFactory-String,12420.1,284
12420.1?src/main/java/org/fluentd/logger/FluentLoggerFactory.java?getLogger-FluentLoggerFactory-String-String-int,12420.1,271
12420.1?src/main/java/org/fluentd/logger/FluentLoggerFactory.java?getLogger-FluentLoggerFactory-String-String-int-int-int,12420.1,269
12420.1?src/main/java/org/fluentd/logger/FluentLoggerFactory.java?getLogger-FluentLoggerFactory-String-String-int-int-int-Reconnector,12420.1,240
12420.1?src/main/java/org/fluentd/logger/FluentLoggerFactory.java?purgeLogger-FluentLoggerFactory-FluentLogger,12420.1,40
12420.1?src/main/java/org/fluentd/logger/FluentLoggerFactory.java?createSenderInstance-FluentLoggerFactory-String-Object[],12420.1,74
12420.1?src/main/java/org/fluentd/logger/FluentLoggerFactory.java?getLoggers-FluentLoggerFactory-,12420.1,10
12420.1?src/main/java/org/fluentd/logger/FluentLoggerFactory.java?closeAll-FluentLoggerFactory-,12420.1,24
12420.1?src/main/java/org/fluentd/logger/FluentLoggerFactory.java?flushAll-FluentLoggerFactory-,12420.1,18
12420.1?src/main/java/org/fluentd/logger/sender/ConstantDelayReconnector.java?addErrorHistory-ConstantDelayReconnector-long,12420.1,25
12420.1?src/main/java/org/fluentd/logger/sender/ConstantDelayReconnector.java?isErrorHistoryEmpty-ConstantDelayReconnector-,12420.1,10
12420.1?src/main/java/org/fluentd/logger/sender/ConstantDelayReconnector.java?clearErrorHistory-ConstantDelayReconnector-,12420.1,9
12420.1?src/main/java/org/fluentd/logger/sender/ConstantDelayReconnector.java?enableReconnection-ConstantDelayReconnector-long,12420.1,24
12420.1?src/main/java/org/fluentd/logger/sender/Event.java?toString-Event-,12420.1,18
12420.1?src/main/java/org/fluentd/logger/sender/Event.java?write-Event.EventTemplate-Packer-Event-boolean,12420.1,154
12420.1?src/main/java/org/fluentd/logger/sender/Event.java?read-Event.EventTemplate-Unpacker-Event-boolean,12420.1,22
12420.1?src/main/java/org/fluentd/logger/sender/ExponentialDelayReconnector.java?getWaitMaxCount-ExponentialDelayReconnector-,12420.1,50
12420.1?src/main/java/org/fluentd/logger/sender/ExponentialDelayReconnector.java?addErrorHistory-ExponentialDelayReconnector-long,12420.1,25
12420.1?src/main/java/org/fluentd/logger/sender/ExponentialDelayReconnector.java?isErrorHistoryEmpty-ExponentialDelayReconnector-,12420.1,10
12420.1?src/main/java/org/fluentd/logger/sender/ExponentialDelayReconnector.java?clearErrorHistory-ExponentialDelayReconnector-,12420.1,9
12420.1?src/main/java/org/fluentd/logger/sender/ExponentialDelayReconnector.java?enableReconnection-ExponentialDelayReconnector-long,12420.1,68
12420.1?src/main/java/org/fluentd/logger/sender/NullSender.java?emit-NullSender-String-Map<String.Object>,12420.1,48
12420.1?src/main/java/org/fluentd/logger/sender/NullSender.java?emit-NullSender-String-long-Map<String.Object>,12420.1,22
12420.1?src/main/java/org/fluentd/logger/sender/NullSender.java?flush-NullSender-,12420.1,6
12420.1?src/main/java/org/fluentd/logger/sender/NullSender.java?close-NullSender-,12420.1,6
12420.1?src/main/java/org/fluentd/logger/sender/NullSender.java?getName-NullSender-,12420.1,9
12420.1?src/main/java/org/fluentd/logger/sender/NullSender.java?toString-NullSender-,12420.1,21
12420.1?src/main/java/org/fluentd/logger/sender/NullSender.java?isConnected-NullSender-,12420.1,10
12420.1?src/main/java/org/fluentd/logger/sender/NullSender.java?setErrorHandler-NullSender-ErrorHandler,12420.1,9
12420.1?src/main/java/org/fluentd/logger/sender/NullSender.java?removeErrorHandler-NullSender-,12420.1,6
12420.1?src/main/java/org/fluentd/logger/sender/RawSocketSender.java?connect-RawSocketSender-,12420.1,40
12420.1?src/main/java/org/fluentd/logger/sender/RawSocketSender.java?reconnect-RawSocketSender-,12420.1,149
12420.1?src/main/java/org/fluentd/logger/sender/RawSocketSender.java?close-RawSocketSender-,12420.1,52
12420.1?src/main/java/org/fluentd/logger/sender/RawSocketSender.java?emit-RawSocketSender-String-Map<String.Object>,12420.1,506
12420.1?src/main/java/org/fluentd/logger/sender/RawSocketSender.java?emit-RawSocketSender-String-long-Map<String.Object>,12420.1,480
12420.1?src/main/java/org/fluentd/logger/sender/RawSocketSender.java?emit-RawSocketSender-Event,12420.1,455
12420.1?src/main/java/org/fluentd/logger/sender/RawSocketSender.java?flushBuffer-RawSocketSender-,12420.1,323
12420.1?src/main/java/org/fluentd/logger/sender/RawSocketSender.java?send-RawSocketSender-byte[],12420.1,395
12420.1?src/main/java/org/fluentd/logger/sender/RawSocketSender.java?flush-RawSocketSender-,12420.1,274
12420.1?src/main/java/org/fluentd/logger/sender/RawSocketSender.java?getBuffer-RawSocketSender-,12420.1,39
12420.1?src/main/java/org/fluentd/logger/sender/RawSocketSender.java?clearBuffer-RawSocketSender-,12420.1,9
12420.1?src/main/java/org/fluentd/logger/sender/RawSocketSender.java?getName-RawSocketSender-,12420.1,9
12420.1?src/main/java/org/fluentd/logger/sender/RawSocketSender.java?toString-RawSocketSender-,12420.1,17
12420.1?src/main/java/org/fluentd/logger/sender/RawSocketSender.java?isConnected-RawSocketSender-,12420.1,29
12420.1?src/main/java/org/fluentd/logger/sender/RawSocketSender.java?setErrorHandler-RawSocketSender-ErrorHandler,12420.1,29
12420.1?src/main/java/org/fluentd/logger/sender/RawSocketSender.java?removeErrorHandler-RawSocketSender-,12420.1,14
12420.1?src/main/java/org/fluentd/logger/sender/Reconnector.java?clearErrorHistory-Reconnector-,12420.1,3
12420.1?src/main/java/org/fluentd/logger/sender/Reconnector.java?addErrorHistory-Reconnector-long,12420.1,6
12420.1?src/main/java/org/fluentd/logger/sender/Reconnector.java?isErrorHistoryEmpty-Reconnector-,12420.1,3
12420.1?src/main/java/org/fluentd/logger/sender/Reconnector.java?enableReconnection-Reconnector-long,12420.1,6
12420.1?src/main/java/org/fluentd/logger/sender/Sender.java?emit-Sender-String-Map<String.Object>,12420.1,12
12420.1?src/main/java/org/fluentd/logger/sender/Sender.java?emit-Sender-String-long-Map<String.Object>,12420.1,15
12420.1?src/main/java/org/fluentd/logger/sender/Sender.java?flush-Sender-,12420.1,3
12420.1?src/main/java/org/fluentd/logger/sender/Sender.java?close-Sender-,12420.1,3
12420.1?src/main/java/org/fluentd/logger/sender/Sender.java?getName-Sender-,12420.1,3
12420.1?src/main/java/org/fluentd/logger/sender/Sender.java?isConnected-Sender-,12420.1,3
12420.1?src/main/java/org/fluentd/logger/sender/Sender.java?setErrorHandler-Sender-ErrorHandler,12420.1,6
12420.1?src/main/java/org/fluentd/logger/sender/Sender.java?removeErrorHandler-Sender-,12420.1,3
